pclass,survived,sex,age,sibsp,parch,fare,cabin,embarked,boat,body,title
1,1,female,29.0,0,0,211.3375,B5,S,2,,Miss
1,1,male,0.9167,1,2,151.55,C22,S,11,,Master
1,0,female,2.0,1,2,151.55,C22,S,,,Miss
1,0,male,30.0,1,2,151.55,C22,S,,135,Mr
1,0,female,25.0,1,2,151.55,C22,S,,,Mrs
1,1,male,48.0,0,0,26.55,E12,S,3,,Mr
1,1,female,63.0,1,0,77.9583,D7,S,10,,Miss
1,0,male,39.0,0,0,0.0,A36,S,,,Mr
1,1,female,53.0,2,0,51.4792,C101,S,D,,Mrs
1,0,male,71.0,0,0,49.5042,,C,,22,Mr
1,0,male,47.0,1,0,227.525,C62,C,,124,Col
1,1,female,18.0,1,0,227.525,C62,C,4,,Mrs
1,1,female,24.0,0,0,69.3,B35,C,9,,Mme
1,1,female,26.0,0,0,78.85,,S,6,,Miss
1,1,male,80.0,0,0,30.0,A23,S,B,,Mr
1,0,male,,0,0,25.925,,S,,,Mr
1,0,male,24.0,0,1,247.5208,B58,C,,,Mr
1,1,female,50.0,0,1,247.5208,B58,C,6,,Mrs
1,1,female,32.0,0,0,76.2917,D15,C,8,,Miss
1,0,male,36.0,0,0,75.2417,C6,C,A,,Mr
1,1,male,37.0,1,1,52.5542,D35,S,5,,Mr
1,1,female,47.0,1,1,52.5542,D35,S,5,,Mrs
1,1,male,26.0,0,0,30.0,C148,C,5,,Mr
1,1,female,42.0,0,0,227.525,,C,4,,Miss
1,1,female,29.0,0,0,221.7792,C97,S,8,,Miss
1,0,male,25.0,0,0,26.0,,C,,148,Mr
1,1,male,25.0,1,0,91.0792,B49,C,7,,Mr
1,1,female,19.0,1,0,91.0792,B49,C,7,,Mrs
1,1,female,35.0,0,0,135.6333,C99,S,8,,Miss
1,1,male,28.0,0,0,26.55,C52,S,D,,Mr
1,0,male,45.0,0,0,35.5,T,S,,,Mr
1,1,male,40.0,0,0,31.0,A31,C,7,,Mr
1,1,female,30.0,0,0,164.8667,C7,S,8,,Miss
1,1,female,58.0,0,0,26.55,C103,S,8,,Miss
1,0,male,42.0,0,0,26.55,D22,S,,,Mr
1,1,female,45.0,0,0,262.375,,C,4,,Miss
1,1,female,22.0,0,1,55.0,E33,S,6,,Miss
1,1,male,,0,0,26.55,,S,9,,Mr
1,0,male,41.0,0,0,30.5,A21,S,,,Mr
1,0,male,48.0,0,0,50.4958,B10,C,,208,Mr
1,0,male,,0,0,39.6,,C,,,Dr
1,1,female,44.0,0,0,27.7208,B4,C,6,,Mrs
1,1,female,59.0,2,0,51.4792,C101,S,D,,Mrs
1,1,female,60.0,0,0,76.2917,D15,C,8,,Mrs
1,1,female,41.0,0,0,134.5,E40,C,3,,Miss
1,0,male,45.0,0,0,26.55,B38,S,,,Major
1,0,male,,0,0,31.0,,S,,,Mr
1,1,male,42.0,0,0,26.2875,E24,S,5,,Mr
1,1,female,53.0,0,0,27.4458,,C,6,,Mrs
1,1,male,36.0,0,1,512.3292,B51,C,3,,Mr
1,1,female,58.0,0,1,512.3292,B51,C,3,,Mrs
1,0,male,33.0,0,0,5.0,B51,S,,,Mr
1,0,male,28.0,0,0,47.1,,S,,,Mr
1,0,male,17.0,0,0,47.1,,S,,,Mr
1,1,male,11.0,1,2,120.0,B96,S,4,,Master
1,1,female,14.0,1,2,120.0,B96,S,4,,Miss
1,1,male,36.0,1,2,120.0,B96,S,C,,Mr
1,1,female,36.0,1,2,120.0,B96,S,4,,Mrs
1,0,male,49.0,0,0,26.0,,S,,,Mr
1,1,female,,0,0,27.7208,,C,5,,Mrs
1,0,male,36.0,1,0,78.85,C46,S,,172,Mr
1,1,female,76.0,1,0,78.85,C46,S,6,,Mrs
1,0,male,46.0,1,0,61.175,E31,S,,,Mr
1,1,female,47.0,1,0,61.175,E31,S,4,,Mrs
1,1,male,27.0,1,0,53.1,E8,S,5,,Mr
1,1,female,33.0,1,0,53.1,E8,S,5,,Mrs
1,1,female,36.0,0,0,262.375,B61,C,4,,Miss
1,1,female,30.0,0,0,86.5,B77,S,8,,Miss
1,1,male,45.0,0,0,29.7,A9,C,7,,Mr
1,1,female,,0,1,55.0,E33,S,6,,Mrs
1,0,male,,0,0,0.0,,S,,,Mr
1,0,male,27.0,1,0,136.7792,C89,C,,,Mr
1,1,female,26.0,1,0,136.7792,C89,C,4,,Mrs
1,1,female,22.0,0,0,151.55,,S,11,,Miss
1,0,male,,0,0,52.0,A14,S,,,Mr
1,0,male,47.0,0,0,25.5875,E58,S,,,Mr
1,1,female,39.0,1,1,83.1583,E49,C,14,,Miss
1,0,male,37.0,1,1,83.1583,E52,C,,,Mr
1,1,female,64.0,0,2,83.1583,E45,C,14,,Mrs
1,1,female,55.0,2,0,25.7,C101,S,2,,Mrs
1,0,male,,0,0,26.55,,S,,,Mr
1,0,male,70.0,1,1,71.0,B22,S,,269,Capt
1,1,female,36.0,0,2,71.0,B22,S,7,,Miss
1,1,female,64.0,1,1,26.55,B26,S,7,,Mrs
1,0,male,39.0,1,0,71.2833,C85,C,,,Mr
1,1,female,38.0,1,0,71.2833,C85,C,4,,Mrs
1,1,male,51.0,0,0,26.55,E17,S,5 9,,Mr
1,1,male,27.0,0,0,30.5,,S,3,,Mr
1,1,female,33.0,0,0,151.55,,S,8,,Miss
1,0,male,31.0,1,0,52.0,B71,S,,,Mr
1,1,female,27.0,1,2,52.0,B71,S,3,,Mrs
1,1,male,31.0,1,0,57.0,B20,S,3,,Mr
1,1,female,17.0,1,0,57.0,B20,S,3,,Mrs
1,1,male,53.0,1,1,81.8583,A34,S,13,,Dr
1,1,male,4.0,0,2,81.8583,A34,S,5,,Master
1,1,female,54.0,1,1,81.8583,A34,S,5,,Mrs
1,0,male,50.0,1,0,106.425,C86,C,,62,Mr
1,1,female,27.0,1,1,247.5208,B58,C,6,,Mrs
1,1,female,48.0,1,0,106.425,C86,C,2,,Mrs
1,1,female,48.0,1,0,39.6,A16,C,1,,Lady
1,1,male,49.0,1,0,56.9292,A20,C,1,,Sir
1,0,male,39.0,0,0,29.7,A18,C,,133,Mr
1,1,female,23.0,0,1,83.1583,C54,C,7,,Mrs
1,1,female,38.0,0,0,227.525,C45,C,4,,Miss
1,1,female,54.0,1,0,78.2667,D20,C,4,,Miss
1,0,female,36.0,0,0,31.6792,A29,C,,,Miss
1,0,male,,0,0,221.7792,C95,S,,,Mr
1,1,female,,0,0,31.6833,,S,7,,Mrs
1,1,female,,0,0,110.8833,,C,4,,Miss
1,1,male,36.0,0,0,26.3875,E25,S,5,,Mr
1,0,male,30.0,0,0,27.75,C111,C,,,Mr
1,1,female,24.0,3,2,263.0,C23,S,10,,Miss
1,1,female,28.0,3,2,263.0,C23,S,10,,Miss
1,1,female,23.0,3,2,263.0,C23,S,10,,Miss
1,0,male,19.0,3,2,263.0,C23,S,,,Mr
1,0,male,64.0,1,4,263.0,C23,S,,,Mr
1,1,female,60.0,1,4,263.0,C23,S,10,,Mrs
1,1,female,30.0,0,0,56.9292,E36,C,1,,Miss
1,0,male,,0,0,26.55,D34,S,,,Mr
1,1,male,50.0,2,0,133.65,,S,5,,Dr
1,1,male,43.0,1,0,27.7208,D40,C,5,,Mr
1,1,female,,1,0,133.65,,S,5,,Mrs
1,1,female,22.0,0,2,49.5,B39,C,5,,Miss
1,1,male,60.0,1,1,79.2,B41,C,5,,Mr
1,1,female,48.0,1,1,79.2,B41,C,5,,Mrs
1,0,male,,0,0,0.0,B102,S,,,Mr
1,0,male,37.0,1,0,53.1,C123,S,,,Mr
1,1,female,35.0,1,0,53.1,C123,S,D,,Mrs
1,0,male,47.0,0,0,38.5,E63,S,,275,Mr
1,1,female,35.0,0,0,211.5,C130,C,4,,Miss
1,1,female,22.0,0,1,59.4,,C,7,,Miss
1,1,female,45.0,0,1,59.4,,C,7,,Mrs
1,0,male,24.0,0,0,79.2,B86,C,,,Mr
1,1,male,49.0,1,0,89.1042,C92,C,5,,Mr
1,1,female,,1,0,89.1042,C92,C,5,,Mrs
1,0,male,71.0,0,0,34.6542,A5,C,,,Mr
1,1,male,53.0,0,0,28.5,C51,C,B,,Col
1,1,female,19.0,0,0,30.0,B42,S,3,,Miss
1,0,male,38.0,0,1,153.4625,C91,S,,147,Mr
1,1,female,58.0,0,1,153.4625,C125,S,3,,Mrs
1,1,male,23.0,0,1,63.3583,D10,C,7,,Mr
1,1,female,45.0,0,1,63.3583,D10,C,7,,Mrs
1,0,male,46.0,0,0,79.2,B82,C,,,Mr
1,1,male,25.0,1,0,55.4417,E50,C,5,,Mr
1,1,female,25.0,1,0,55.4417,E50,C,5,,Mrs
1,1,male,48.0,1,0,76.7292,D33,C,3,,Mr
1,1,female,49.0,1,0,76.7292,D33,C,3,,Mrs
1,0,male,,0,0,42.4,,S,,,Mr
1,0,male,45.0,1,0,83.475,C83,S,,,Mr
1,1,female,35.0,1,0,83.475,C83,S,D,,Mrs
1,0,male,40.0,0,0,0.0,B94,S,,110,Mr
1,1,male,27.0,0,0,76.7292,D49,C,3,,Mr
1,1,male,,0,0,30.0,D45,S,3,,Mr
1,1,female,24.0,0,0,83.1583,C54,C,7,,Miss
1,0,male,55.0,1,1,93.5,B69,S,,307,Mr
1,1,female,52.0,1,1,93.5,B69,S,3,,Mrs
1,0,male,42.0,0,0,42.5,B11,S,,,Mr
1,0,male,,0,0,51.8625,E46,S,,,Mr
1,0,male,55.0,0,0,50.0,C39,S,,,Mr
1,1,female,16.0,0,1,57.9792,B18,C,4,,Miss
1,1,female,44.0,0,1,57.9792,B18,C,4,,Mrs
1,1,female,51.0,1,0,77.9583,D11,S,10,,Mrs
1,0,male,42.0,1,0,52.0,,S,,38,Mr
1,1,female,35.0,1,0,52.0,,S,8,,Mrs
1,1,male,35.0,0,0,26.55,,C,15,,Mr
1,1,male,38.0,1,0,90.0,C93,S,D,,Mr
1,0,male,,0,0,30.6958,,C,14,,Mr
1,1,female,35.0,1,0,90.0,C93,S,D,,Mrs
1,1,female,38.0,0,0,80.0,B28,,6,,Miss
1,0,female,50.0,0,0,28.7125,C49,C,,,Miss
1,1,male,49.0,0,0,0.0,B52,S,C,,Mr
1,0,male,46.0,0,0,26.0,,S,,80,Mr
1,0,male,50.0,0,0,26.0,E60,S,,,Mr
1,0,male,32.5,0,0,211.5,C132,C,,45,Mr
1,0,male,58.0,0,0,29.7,B37,C,,258,Mr
1,0,male,41.0,1,0,51.8625,D21,S,,,Mr
1,1,female,,1,0,51.8625,D21,S,8,,Mrs
1,1,male,42.0,1,0,52.5542,D19,S,5,,Mr
1,1,female,45.0,1,0,52.5542,D19,S,5,,Mrs
1,0,male,,0,0,26.55,C124,S,,,Mr
1,1,female,39.0,0,0,211.3375,,S,2,,Miss
1,1,female,49.0,0,0,25.9292,D17,S,8,,Dr
1,1,female,30.0,0,0,106.425,,C,2,,Miss
1,1,male,35.0,0,0,512.3292,B101,C,3,,Mr
1,0,male,,0,0,27.7208,,C,,,Mr
1,0,male,42.0,0,0,26.55,,S,,,Mr
1,1,female,55.0,0,0,27.7208,,C,6,,Mrs
1,1,female,16.0,0,1,39.4,D28,S,9,,Miss
1,1,female,51.0,0,1,39.4,D28,S,9,,Mrs
1,0,male,29.0,0,0,30.0,D6,S,,126,Mr
1,1,female,21.0,0,0,77.9583,D9,S,10,,Miss
1,0,male,30.0,0,0,45.5,,S,,,Mr
1,1,female,58.0,0,0,146.5208,B80,C,,,Miss
1,1,female,15.0,0,1,211.3375,B5,S,2,,Miss
1,0,male,30.0,0,0,26.0,C106,S,,,Mr
1,1,female,16.0,0,0,86.5,B79,S,8,,Miss
1,1,male,,0,0,29.7,C47,C,7,,Mr
1,0,male,19.0,1,0,53.1,D30,S,,,Mr
1,1,female,18.0,1,0,53.1,D30,S,10,,Mrs
1,1,female,24.0,0,0,49.5042,C90,C,6,,Mlle
1,0,male,46.0,0,0,75.2417,C6,C,,292,Mr
1,0,male,54.0,0,0,51.8625,E46,S,,175,Mr
1,1,male,36.0,0,0,26.2875,E25,S,7,,Mr
1,0,male,28.0,1,0,82.1708,,C,,,Mr
1,1,female,,1,0,82.1708,,C,6,,Mrs
1,0,male,65.0,0,0,26.55,E38,S,,249,Mr
1,0,male,44.0,2,0,90.0,C78,Q,,230,Dr
1,1,female,33.0,1,0,90.0,C78,Q,14,,Miss
1,1,female,37.0,1,0,90.0,C78,Q,14,,Mrs
1,1,male,30.0,1,0,57.75,C78,C,11,,Mr
1,0,male,55.0,0,0,30.5,C30,S,,,Mr
1,0,male,47.0,0,0,42.4,,S,,,Mr
1,0,male,37.0,0,1,29.7,C118,C,,,Mr
1,1,female,31.0,1,0,113.275,D36,C,6,,Miss
1,1,female,23.0,1,0,113.275,D36,C,6,,Miss
1,0,male,58.0,0,2,113.275,D48,C,,122,Mr
1,1,female,19.0,0,2,26.2833,D47,S,5,,Miss
1,0,male,64.0,0,0,26.0,,S,,263,Mr
1,1,female,39.0,0,0,108.9,C105,C,8,,Dona
1,1,male,,0,0,25.7417,,C,7,,Mr
1,1,female,22.0,0,1,61.9792,B36,C,5,,Miss
1,0,male,65.0,0,1,61.9792,B30,C,,234,Mr
1,0,male,28.5,0,0,27.7208,D43,C,,189,Mr
1,0,male,,0,0,0.0,,S,,,Mr
1,0,male,45.5,0,0,28.5,C124,S,,166,Mr
1,0,male,23.0,0,0,93.5,B24,S,,,Mr
1,0,male,29.0,1,0,66.6,C2,S,,,Mr
1,1,female,22.0,1,0,66.6,C2,S,8,,Mrs
1,0,male,18.0,1,0,108.9,C65,C,,,Mr
1,1,female,17.0,1,0,108.9,C65,C,8,,Mrs
1,1,female,30.0,0,0,93.5,B73,S,3,,Miss
1,1,male,52.0,0,0,30.5,C104,S,6,,Major
1,0,male,47.0,0,0,52.0,C110,S,,207,Mr
1,1,female,56.0,0,1,83.1583,C50,C,7,,Mrs
1,0,male,38.0,0,0,0.0,,S,,,Jonkheer
1,1,male,,0,0,39.6,,S,A,,Mr
1,0,male,22.0,0,0,135.6333,,C,,232,Mr
1,0,male,,0,0,227.525,,C,,,Mr
1,1,female,43.0,0,1,211.3375,B3,S,2,,Mrs
1,0,male,31.0,0,0,50.4958,A24,S,,,Mr
1,1,male,45.0,0,0,26.55,,S,9,,Mr
1,0,male,,0,0,50.0,A32,S,,,Mr
1,1,female,33.0,0,0,27.7208,A11,C,11,,Miss
1,0,male,46.0,0,0,79.2,,C,,16,Mr
1,0,male,36.0,0,0,40.125,A10,C,,,Mr
1,1,female,33.0,0,0,86.5,B77,S,8,,the Countess
1,0,male,55.0,1,0,59.4,,C,,,Mr
1,1,female,54.0,1,0,59.4,,C,6,,Mrs
1,0,male,33.0,0,0,26.55,,S,,109,Mr
1,1,male,13.0,2,2,262.375,B57,C,4,,Master
1,1,female,18.0,2,2,262.375,B57,C,4,,Miss
1,1,female,21.0,2,2,262.375,B57,C,4,,Miss
1,0,male,61.0,1,3,262.375,B57,C,,,Mr
1,1,female,48.0,1,3,262.375,B57,C,4,,Mrs
1,1,male,,0,0,30.5,C106,S,3,,Mr
1,1,female,24.0,0,0,69.3,B35,C,9,,Mlle
1,1,male,,0,0,26.0,,S,1,,Mr
1,1,female,35.0,1,0,57.75,C28,C,11,,Mrs
1,1,female,30.0,0,0,31.0,,C,4,,Miss
1,1,male,34.0,0,0,26.55,,S,7,,Mr
1,1,female,40.0,0,0,153.4625,C125,S,3,,Miss
1,1,male,35.0,0,0,26.2875,E24,S,5,,Mr
1,0,male,50.0,1,0,55.9,E44,S,,,Mr
1,1,female,39.0,1,0,55.9,E44,S,11,,Mrs
1,1,male,56.0,0,0,35.5,A26,C,3,,Col
1,1,male,28.0,0,0,35.5,A6,S,7,,Mr
1,0,male,56.0,0,0,26.55,,S,,,Mr
1,0,male,56.0,0,0,30.6958,A7,C,,,Mr
1,0,male,24.0,1,0,60.0,C31,S,,,Mr
1,0,male,,0,0,26.0,A19,S,,,Mr
1,1,female,18.0,1,0,60.0,C31,S,6,,Mrs
1,1,male,24.0,1,0,82.2667,B45,S,7,,Mr
1,1,female,23.0,1,0,82.2667,B45,S,7,,Mrs
1,1,male,6.0,0,2,134.5,E34,C,3,,Master
1,1,male,45.0,1,1,134.5,E34,C,3,,Mr
1,1,female,40.0,1,1,134.5,E34,C,3,,Mrs
1,0,male,57.0,1,0,146.5208,B78,C,,,Mr
1,1,female,,1,0,146.5208,B78,C,6,,Mrs
1,1,male,32.0,0,0,30.5,B50,C,3,,Dr
1,0,male,62.0,0,0,26.55,C87,S,,,Mr
1,1,male,54.0,1,0,55.4417,C116,C,1,,Mr
1,1,female,43.0,1,0,55.4417,C116,C,5,,Mrs
1,1,female,52.0,1,0,78.2667,D20,C,4,,Mrs
1,0,male,,0,0,27.7208,,C,,,Mr
1,1,female,62.0,0,0,80.0,B28,,6,,Mrs
1,0,male,67.0,1,0,221.7792,C55,S,,96,Mr
1,0,female,63.0,1,0,221.7792,C55,S,,,Mrs
1,0,male,61.0,0,0,32.3208,D50,S,,46,Mr
1,1,female,48.0,0,0,25.9292,D17,S,8,,Mrs
1,1,female,18.0,0,2,79.65,E68,S,8,,Miss
1,0,male,52.0,1,1,79.65,E67,S,,,Mr
1,1,female,39.0,1,1,79.65,E67,S,8,,Mrs
1,1,male,48.0,1,0,52.0,C126,S,5 7,,Mr
1,1,female,,1,0,52.0,C126,S,5 7,,Mrs
1,0,male,49.0,1,1,110.8833,C68,C,,,Mr
1,1,male,17.0,0,2,110.8833,C70,C,B,,Mr
1,1,female,39.0,1,1,110.8833,C68,C,4,,Mrs
1,1,female,,0,0,79.2,,C,D,,Mrs
1,1,male,31.0,0,0,28.5375,C53,C,7,,Mr
1,0,male,40.0,0,0,27.7208,,C,,,Don
1,0,male,61.0,0,0,33.5,B19,S,,245,Mr
1,0,male,47.0,0,0,34.0208,D46,S,,,Mr
1,1,female,35.0,0,0,512.3292,,C,3,,Miss
1,0,male,64.0,1,0,75.25,D37,C,,,Mr
1,1,female,60.0,1,0,75.25,D37,C,5,,Mrs
1,0,male,60.0,0,0,26.55,,S,,,Col
1,0,male,54.0,0,1,77.2875,D26,S,,,Mr
1,0,male,21.0,0,1,77.2875,D26,S,,169,Mr
1,1,female,55.0,0,0,135.6333,C32,C,8,,Mrs
1,1,female,31.0,0,2,164.8667,C7,S,8,,Miss
1,0,male,57.0,1,1,164.8667,,S,,,Mr
1,1,female,45.0,1,1,164.8667,,S,8,,Mrs
1,0,male,50.0,1,1,211.5,C80,C,,,Mr
1,0,male,27.0,0,2,211.5,C82,C,,,Mr
1,1,female,50.0,1,1,211.5,C80,C,4,,Mrs
1,1,female,21.0,0,0,26.55,,S,8 10,,Miss
1,0,male,51.0,0,1,61.3792,,C,,,Mr
1,1,male,21.0,0,1,61.3792,,C,A,,Mr
1,0,male,,0,0,35.0,C128,S,,,Mr
1,1,female,31.0,0,0,134.5,E39,C,3,,Miss
1,1,male,,0,0,35.5,C52,S,D,,Mr
1,0,male,62.0,0,0,26.55,,S,,,Mr
1,1,female,36.0,0,0,135.6333,C32,C,8,,Miss
2,0,male,30.0,1,0,24.0,,C,,,Mr
2,1,female,28.0,1,0,24.0,,C,10,,Mrs
2,0,male,30.0,0,0,13.0,,S,,,Mr
2,0,male,18.0,0,0,11.5,,S,,,Mr
2,0,male,25.0,0,0,10.5,,S,,,Mr
2,0,male,34.0,1,0,26.0,,S,,,Mr
2,1,female,36.0,1,0,26.0,,S,11,,Mrs
2,0,male,57.0,0,0,13.0,,S,,,Mr
2,0,male,18.0,0,0,11.5,,S,,,Mr
2,0,male,23.0,0,0,10.5,,S,,,Mr
2,1,female,36.0,0,0,13.0,D,S,10,,Mrs
2,0,male,28.0,0,0,10.5,,S,,,Mr
2,0,male,51.0,0,0,12.525,,S,,174,Rev
2,1,male,32.0,1,0,26.0,,S,13,,Mr
2,1,female,19.0,1,0,26.0,,S,13,,Mrs
2,0,male,28.0,0,0,26.0,,S,,,Mr
2,1,male,1.0,2,1,39.0,F4,S,11,,Master
2,1,female,4.0,2,1,39.0,F4,S,11,,Miss
2,1,female,12.0,2,1,39.0,F4,S,13,,Miss
2,1,female,36.0,0,3,39.0,F4,S,11,,Mrs
2,1,male,34.0,0,0,13.0,D56,S,13,,Mr
2,1,female,19.0,0,0,13.0,,S,12,,Miss
2,0,male,23.0,0,0,13.0,,S,,,Mr
2,0,male,26.0,0,0,13.0,,S,,,Mr
2,0,male,42.0,0,0,13.0,,S,,,Mr
2,0,male,27.0,0,0,13.0,,S,,,Mr
2,1,female,24.0,0,0,13.0,F33,S,11,,Miss
2,1,female,15.0,0,2,39.0,,S,14,,Miss
2,0,male,60.0,1,1,39.0,,S,,,Mr
2,1,female,40.0,1,1,39.0,,S,14,,Mrs
2,1,female,20.0,1,0,26.0,,S,12,,Miss
2,0,male,25.0,1,0,26.0,,S,,,Mr
2,1,female,36.0,0,0,13.0,,S,9,,Miss
2,0,male,25.0,0,0,13.0,,S,,97,Mr
2,0,male,42.0,0,0,13.0,,S,,,Rev
2,1,female,42.0,0,0,13.0,,S,,,Mrs
2,1,male,0.8333,0,2,29.0,,S,13,,Master
2,1,male,26.0,1,1,29.0,,S,13,,Mr
2,1,female,22.0,1,1,29.0,,S,13,,Mrs
2,1,female,35.0,0,0,21.0,,S,14,,Miss
2,0,male,,0,0,0.0,,S,,,Mr
2,0,male,19.0,0,0,13.0,,S,,18,Mr
2,0,female,44.0,1,0,26.0,,S,,,Mrs
2,0,male,54.0,1,0,26.0,,S,,,Rev
2,0,male,52.0,0,0,13.5,,S,,130,Mr
2,0,male,37.0,1,0,26.0,,S,,17,Mr
2,0,female,29.0,1,0,26.0,,S,,,Mrs
2,1,female,25.0,1,1,30.0,,S,12,,Miss
2,1,female,45.0,0,2,30.0,,S,12,,Mrs
2,0,male,29.0,1,0,26.0,,S,,,Mr
2,1,female,28.0,1,0,26.0,,S,14,,Mrs
2,0,male,29.0,0,0,10.5,,S,,,Mr
2,0,male,28.0,0,0,13.0,,S,,,Mr
2,1,male,24.0,0,0,10.5,,S,9,,Mr
2,1,female,8.0,0,2,26.25,,S,14,,Miss
2,0,male,31.0,1,1,26.25,,S,,,Mr
2,1,female,31.0,1,1,26.25,,S,14,,Mrs
2,1,female,22.0,0,0,10.5,F33,S,14,,Mrs
2,0,female,30.0,0,0,13.0,,S,,,Mrs
2,0,female,,0,0,21.0,,S,,,Mrs
2,0,male,21.0,0,0,11.5,,S,,,Mr
2,0,male,,0,0,0.0,,S,,,Mr
2,1,male,8.0,1,1,36.75,,S,14,,Master
2,0,male,18.0,0,0,73.5,,S,,,Mr
2,1,female,48.0,0,2,36.75,,S,14,,Mrs
2,1,female,28.0,0,0,13.0,,S,13,,Miss
2,0,male,32.0,0,0,13.0,,S,,,Mr
2,0,male,17.0,0,0,73.5,,S,,,Mr
2,0,male,29.0,1,0,27.7208,,C,,295,Mr
2,1,female,24.0,1,0,27.7208,,C,12,,Mrs
2,0,male,25.0,0,0,31.5,,S,,,Mr
2,0,male,18.0,0,0,73.5,,S,,,Mr
2,1,female,18.0,0,1,23.0,,S,,,Miss
2,1,female,34.0,0,1,23.0,,S,,,Mrs
2,0,male,54.0,0,0,26.0,,S,,,Mr
2,1,male,8.0,0,2,32.5,,S,10,,Master
2,0,male,42.0,1,1,32.5,,S,,,Mr
2,1,female,34.0,1,1,32.5,,S,10,,Mrs
2,1,female,27.0,1,0,13.8583,,C,12,,Miss
2,1,female,30.0,1,0,13.8583,,C,12,,Miss
2,0,male,23.0,0,0,13.0,,S,,,Mr
2,0,male,21.0,0,0,13.0,,S,,,Mr
2,0,male,18.0,0,0,13.0,,S,,,Mr
2,0,male,40.0,1,0,26.0,,S,,286,Mr
2,1,female,29.0,1,0,26.0,,S,16,,Mrs
2,0,male,18.0,0,0,10.5,,S,,,Mr
2,0,male,36.0,0,0,13.0,,S,,236,Mr
2,0,male,,0,0,0.0,,S,,,Mr
2,0,female,38.0,0,0,13.0,,S,,,Miss
2,0,male,35.0,0,0,26.0,,S,,322,Mr
2,0,male,38.0,1,0,21.0,,S,,,Mr
2,0,male,34.0,1,0,21.0,,S,,,Mr
2,1,female,34.0,0,0,13.0,,S,12,,Miss
2,0,male,16.0,0,0,26.0,,S,,,Mr
2,0,male,26.0,0,0,10.5,,S,,,Mr
2,0,male,47.0,0,0,10.5,,S,,,Mr
2,0,male,21.0,1,0,11.5,,S,,,Mr
2,0,male,21.0,1,0,11.5,,S,,,Mr
2,0,male,24.0,0,0,13.5,,S,,297,Mr
2,0,male,24.0,0,0,13.0,,S,,155,Mr
2,0,male,34.0,0,0,13.0,,S,,,Mr
2,0,male,30.0,0,0,13.0,,S,,305,Mr
2,0,male,52.0,0,0,13.0,,S,,19,Mr
2,0,male,30.0,0,0,13.0,,S,,75,Mr
2,1,male,0.6667,1,1,14.5,,S,4,,Master
2,1,female,24.0,0,2,14.5,,S,4,,Mrs
2,0,male,44.0,0,0,13.0,,S,,35,Mr
2,1,female,6.0,0,1,33.0,,S,11,,Miss
2,0,male,28.0,0,1,33.0,,S,,,Rev
2,1,male,62.0,0,0,10.5,,S,15,,Mr
2,0,male,30.0,0,0,10.5,,S,,,Mr
2,1,female,7.0,0,2,26.25,,S,14,,Miss
2,0,male,43.0,1,1,26.25,,S,,,Mr
2,1,female,45.0,1,1,26.25,,S,14,,Mrs
2,1,female,24.0,1,2,65.0,,S,9,,Miss
2,1,female,24.0,1,2,65.0,,S,9,,Miss
2,0,male,49.0,1,2,65.0,,S,,,Mr
2,1,female,48.0,1,2,65.0,,S,9,,Mrs
2,1,female,55.0,0,0,16.0,,S,13,,Mrs
2,0,male,24.0,2,0,73.5,,S,,,Mr
2,0,male,32.0,2,0,73.5,,S,,256,Mr
2,0,male,21.0,2,0,73.5,,S,,,Mr
2,0,female,18.0,1,1,13.0,,S,,,Miss
2,1,female,20.0,2,1,23.0,,S,4,,Miss
2,0,male,23.0,2,1,11.5,,S,,,Mr
2,0,male,36.0,0,0,13.0,,S,,,Mr
2,1,female,54.0,1,3,23.0,,S,4,,Mrs
2,0,male,50.0,0,0,13.0,,S,,149,Mr
2,0,male,44.0,1,0,26.0,,S,,,Mr
2,1,female,29.0,1,0,26.0,,S,10,,Mrs
2,0,male,21.0,0,0,73.5,,S,,,Mr
2,1,male,42.0,0,0,13.0,,S,10,,Mr
2,0,male,63.0,1,0,26.0,,S,,,Mr
2,0,female,60.0,1,0,26.0,,S,,,Mrs
2,0,male,33.0,0,0,12.275,,S,,,Mr
2,1,female,17.0,0,0,10.5,,S,,,Miss
2,0,male,42.0,1,0,27.0,,S,,,Mr
2,1,female,24.0,2,1,27.0,,S,12,,Mrs
2,0,male,47.0,0,0,15.0,,S,,,Mr
2,0,male,24.0,2,0,31.5,,S,,,Mr
2,0,male,22.0,2,0,31.5,,S,,,Mr
2,0,male,32.0,0,0,10.5,,S,,,Mr
2,1,female,23.0,0,0,13.7917,D,C,11,,Mrs
2,0,male,34.0,1,0,26.0,,S,,283,Mr
2,1,female,24.0,1,0,26.0,,S,12,,Mrs
2,0,female,22.0,0,0,21.0,,S,,,Mrs
2,1,female,,0,0,12.35,E101,Q,10,,Miss
2,0,male,35.0,0,0,12.35,,Q,,,Mr
2,1,female,45.0,0,0,13.5,,S,9,,Mrs
2,0,male,57.0,0,0,12.35,,Q,,,Rev
2,0,male,,0,0,0.0,,S,,,Mr
2,0,male,31.0,0,0,10.5,,S,,165,Mr
2,0,female,26.0,1,1,26.0,,S,,,Mrs
2,0,male,30.0,1,1,26.0,,S,,,Rev
2,0,male,,0,0,10.7083,,Q,,,Mr
2,1,female,1.0,1,2,41.5792,,C,14,,Miss
2,1,female,3.0,1,2,41.5792,,C,14,,Miss
2,0,male,25.0,1,2,41.5792,,C,,,Mr
2,1,female,22.0,1,2,41.5792,,C,14,,Mrs
2,1,female,17.0,0,0,12.0,,C,12,,Miss
2,1,female,,0,0,33.0,,S,11,,Miss
2,1,female,34.0,0,0,10.5,F33,S,14,,Mrs
2,0,male,36.0,0,0,12.875,D,C,,,Mr
2,0,male,24.0,0,0,10.5,,S,,108,Mr
2,0,male,61.0,0,0,12.35,,Q,,,Mr
2,0,male,50.0,1,0,26.0,,S,,121,Mr
2,1,female,42.0,1,0,26.0,,S,,,Mrs
2,0,female,57.0,0,0,10.5,E77,S,,52,Mrs
2,0,male,,0,0,15.0458,D,C,,,Mr
2,1,male,1.0,0,2,37.0042,,C,10,,Master
2,0,male,31.0,1,1,37.0042,,C,,,Mr
2,1,female,24.0,1,1,37.0042,,C,10,,Mrs
2,0,male,,0,0,15.5792,,C,,,Mr
2,0,male,30.0,0,0,13.0,,S,,,Mr
2,0,male,40.0,0,0,16.0,,S,,,Mr
2,0,male,32.0,0,0,13.5,,S,,209,Mr
2,0,male,30.0,0,0,13.0,,S,,,Mr
2,0,male,46.0,0,0,26.0,,S,,,Mr
2,1,female,13.0,0,1,19.5,,S,14,,Miss
2,1,female,41.0,0,1,19.5,,S,14,,Mrs
2,1,male,19.0,0,0,10.5,,S,B,,Mr
2,0,male,39.0,0,0,13.0,,S,,,Mr
2,0,male,48.0,0,0,13.0,,S,,271,Mr
2,0,male,70.0,0,0,10.5,,S,,,Mr
2,0,male,27.0,0,0,13.0,,S,,,Rev
2,0,male,54.0,0,0,14.0,,S,,,Dr
2,0,male,39.0,0,0,26.0,,S,,,Mr
2,0,male,16.0,0,0,10.5,,S,,,Mr
2,0,male,62.0,0,0,9.6875,,Q,,,Mr
2,0,male,32.5,1,0,30.0708,,C,,43,Mr
2,1,female,14.0,1,0,30.0708,,C,,,Mrs
2,1,male,2.0,1,1,26.0,F2,S,D,,Master
2,1,male,3.0,1,1,26.0,F2,S,D,,Master
2,0,male,36.5,0,2,26.0,F2,S,,15,Mr
2,0,male,26.0,0,0,13.0,F2,S,,,Mr
2,0,male,19.0,1,1,36.75,,S,,101,Mr
2,0,male,28.0,0,0,13.5,,S,,287,Mr
2,1,male,20.0,0,0,13.8625,D38,C,7,,Mr
2,1,female,29.0,0,0,10.5,F33,S,11,,Mrs
2,0,male,39.0,0,0,13.0,,S,,,Mr
2,1,male,22.0,0,0,10.5,,S,13,,Mr
2,1,male,,0,0,13.8625,,C,9,,Mr
2,0,male,23.0,0,0,10.5,,S,,,Dr
2,1,male,29.0,0,0,13.8583,,C,9,,Mr
2,0,male,28.0,0,0,10.5,,S,,,Mr
2,0,male,,0,0,0.0,,S,,,Mr
2,1,female,50.0,0,1,26.0,,S,12,,Mrs
2,0,male,19.0,0,0,10.5,,S,,,Mr
2,0,male,,0,0,15.05,,C,,,Mr
2,0,male,41.0,0,0,13.0,,S,,,Rev
2,1,female,21.0,0,1,21.0,,S,12,,Miss
2,1,female,19.0,0,0,26.0,,S,11,,Miss
2,0,male,43.0,0,1,21.0,,S,,,Mr
2,1,female,32.0,0,0,13.0,,S,9,,Mrs
2,0,male,34.0,0,0,13.0,,S,,,Mr
2,1,male,30.0,0,0,12.7375,,C,14,,Mr
2,0,male,27.0,0,0,15.0333,,C,,,Mr
2,1,female,2.0,1,1,26.0,,S,11,,Miss
2,1,female,8.0,1,1,26.0,,S,11,,Miss
2,1,female,33.0,0,2,26.0,,S,11,,Mrs
2,0,male,36.0,0,0,10.5,,S,,,Mr
2,0,male,34.0,1,0,21.0,,S,12,,Mr
2,1,female,30.0,3,0,21.0,,S,,,Mrs
2,1,female,28.0,0,0,13.0,,S,9,,Ms
2,0,male,23.0,0,0,15.0458,,C,,,Mr
2,1,male,0.8333,1,1,18.75,,S,4,,Master
2,1,male,3.0,1,1,18.75,,S,4,,Master
2,1,female,24.0,2,3,18.75,,S,4,,Mrs
2,1,female,50.0,0,0,10.5,,S,13,,Miss
2,0,male,19.0,0,0,10.5,,S,,,Mr
2,1,female,21.0,0,0,10.5,,S,12,,Miss
2,0,male,26.0,0,0,13.0,,S,,,Mr
2,0,male,25.0,0,0,13.0,,S,,,Mr
2,0,male,27.0,0,0,26.0,,S,,,Mr
2,1,female,25.0,0,1,26.0,,S,12,,Mrs
2,1,female,18.0,0,2,13.0,,S,16,,Miss
2,1,female,20.0,0,0,36.75,,S,11,,Miss
2,1,female,30.0,0,0,13.0,,S,10,,Miss
2,0,male,59.0,0,0,13.5,,S,,,Mr
2,1,female,30.0,0,0,12.35,,Q,13,,Miss
2,0,male,35.0,0,0,10.5,,S,,,Mr
2,1,female,40.0,0,0,13.0,,S,9,,Miss
2,0,male,25.0,0,0,13.0,,S,,,Mr
2,0,male,41.0,0,0,15.0458,,C,,,Mr
2,0,male,25.0,0,0,10.5,,S,,81,Mr
2,0,male,18.5,0,0,13.0,F,S,,294,Mr
2,0,male,14.0,0,0,65.0,,S,,,Mr
2,1,female,50.0,0,0,10.5,,S,9,,Miss
2,0,male,23.0,0,0,13.0,,S,,,Mr
2,1,female,28.0,0,0,12.65,,S,,,Mrs
2,1,female,27.0,0,0,10.5,E101,S,16,,Miss
2,0,male,29.0,1,0,21.0,,S,,,Mr
2,0,female,27.0,1,0,21.0,,S,,,Mrs
2,0,male,40.0,0,0,13.0,,S,,,Mr
2,1,female,31.0,0,0,21.0,,S,14,,Miss
2,0,male,30.0,1,0,21.0,,S,,,Mr
2,0,male,23.0,1,0,10.5,,S,,,Mr
2,1,female,31.0,0,0,21.0,,S,10,,Mrs
2,0,male,,0,0,0.0,,S,,,Mr
2,1,female,12.0,0,0,15.75,,S,9,,Miss
2,1,female,40.0,0,0,15.75,,S,9,,Mrs
2,1,female,32.5,0,0,13.0,E101,S,12,,Miss
2,0,male,27.0,1,0,26.0,,S,,293,Mr
2,1,female,29.0,1,0,26.0,,S,10,,Mrs
2,1,male,2.0,1,1,23.0,,S,14,,Master
2,1,female,4.0,1,1,23.0,,S,14,,Miss
2,1,female,29.0,0,2,23.0,,S,14,,Mrs
2,1,female,0.9167,1,2,27.75,,S,10,,Miss
2,1,female,5.0,1,2,27.75,,S,10,,Miss
2,0,male,36.0,1,2,27.75,,S,,,Mr
2,1,female,33.0,1,2,27.75,,S,10,,Mrs
2,0,male,66.0,0,0,10.5,,S,,,Mr
2,0,male,,0,0,12.875,,S,,,Mr
2,1,male,31.0,0,0,13.0,,S,9,,Mr
2,1,male,,0,0,13.0,,S,14,,Mr
2,1,female,26.0,0,0,13.5,,S,9,,Miss
2,0,female,24.0,0,0,13.0,,S,,,Miss
3,0,male,42.0,0,0,7.55,,S,,,Mr
3,0,male,13.0,0,2,20.25,,S,,,Master
3,0,male,16.0,1,1,20.25,,S,,190,Mr
3,1,female,35.0,1,1,20.25,,S,A,,Mrs
3,1,female,16.0,0,0,7.65,,S,16,,Miss
3,1,male,25.0,0,0,7.65,F,S,A,,Mr
3,1,male,20.0,0,0,7.925,,S,15,,Mr
3,1,female,18.0,0,0,7.2292,,C,C,,Mrs
3,0,male,30.0,0,0,7.25,,S,,72,Mr
3,0,male,26.0,0,0,8.05,,S,,103,Mr
3,0,female,40.0,1,0,9.475,,S,,,Mrs
3,1,male,0.8333,0,1,9.35,,S,11,,Master
3,1,female,18.0,0,1,9.35,,S,13,,Mrs
3,1,male,26.0,0,0,18.7875,,C,15,,Mr
3,0,male,26.0,0,0,7.8875,,S,,,Mr
3,0,male,20.0,0,0,7.925,,S,,,Mr
3,0,male,24.0,0,0,7.05,,S,,,Mr
3,0,male,25.0,0,0,7.05,,S,,79,Mr
3,0,male,35.0,0,0,8.05,,S,,,Mr
3,0,male,18.0,0,0,8.3,,S,,259,Mr
3,0,male,32.0,0,0,22.525,,S,,260,Mr
3,1,female,19.0,1,0,7.8542,,S,16,,Miss
3,0,male,4.0,4,2,31.275,,S,,,Master
3,0,female,6.0,4,2,31.275,,S,,,Miss
3,0,female,2.0,4,2,31.275,,S,,,Miss
3,1,female,17.0,4,2,7.925,,S,D,,Miss
3,0,female,38.0,4,2,7.775,,S,,,Miss
3,0,female,9.0,4,2,31.275,,S,,,Miss
3,0,female,11.0,4,2,31.275,,S,,,Miss
3,0,male,39.0,1,5,31.275,,S,,,Mr
3,1,male,27.0,0,0,7.7958,,S,A,,Mr
3,0,male,26.0,0,0,7.775,,S,,,Mr
3,0,female,39.0,1,5,31.275,,S,,,Mrs
3,0,male,20.0,0,0,7.8542,,S,,,Mr
3,0,male,26.0,0,0,7.8958,,S,,,Mr
3,0,male,25.0,1,0,17.8,,S,,,Mr
3,0,female,18.0,1,0,17.8,,S,,,Mrs
3,0,male,24.0,0,0,7.775,,S,,,Mr
3,0,male,35.0,0,0,7.05,,S,,,Mr
3,0,male,5.0,4,2,31.3875,,S,,,Master
3,0,male,9.0,4,2,31.3875,,S,,,Master
3,1,male,3.0,4,2,31.3875,,S,15,,Master
3,0,male,13.0,4,2,31.3875,,S,,,Master
3,1,female,5.0,4,2,31.3875,,S,15,,Miss
3,0,male,40.0,1,5,31.3875,,S,,142,Mr
3,1,male,23.0,0,0,7.7958,,S,13,,Mr
3,1,female,38.0,1,5,31.3875,,S,15,,Mrs
3,1,female,45.0,0,0,7.225,,C,C,,Mrs
3,0,male,21.0,0,0,7.225,,C,,,Mr
3,0,male,23.0,0,0,7.05,,S,,,Mr
3,0,female,17.0,0,0,14.4583,,C,,,Miss
3,0,male,30.0,0,0,7.225,,C,,,Mr
3,0,male,23.0,0,0,7.8542,,S,,,Mr
3,1,female,13.0,0,0,7.2292,,C,C,,Miss
3,0,male,20.0,0,0,7.225,,C,,,Mr
3,0,male,32.0,1,0,15.85,,S,D,,Mr
3,1,female,33.0,3,0,15.85,,S,,,Mrs
3,1,female,0.75,2,1,19.2583,,C,C,,Miss
3,1,female,0.75,2,1,19.2583,,C,C,,Miss
3,1,female,5.0,2,1,19.2583,,C,C,,Miss
3,1,female,24.0,0,3,19.2583,,C,C,,Mrs
3,1,female,18.0,0,0,8.05,,S,C,,Miss
3,0,male,40.0,0,0,7.225,,C,,,Mr
3,0,male,26.0,0,0,7.8958,,S,,,Mr
3,1,male,20.0,0,0,7.2292,,C,15,,Mr
3,0,female,18.0,0,1,14.4542,,C,,,Miss
3,0,female,45.0,0,1,14.4542,,C,,,Mrs
3,0,female,27.0,0,0,7.8792,,Q,,,Miss
3,0,male,22.0,0,0,8.05,,S,,,Mr
3,0,male,19.0,0,0,8.05,,S,,,Mr
3,0,male,26.0,0,0,7.775,,S,,,Mr
3,0,male,22.0,0,0,9.35,,S,,,Mr
3,0,male,,0,0,7.2292,,C,,,Master
3,0,male,20.0,0,0,4.0125,,C,,,Mr
3,1,male,32.0,0,0,56.4958,,S,C,,Mr
3,0,male,21.0,0,0,7.775,,S,,,Mr
3,0,male,18.0,0,0,7.75,,S,,,Mr
3,0,male,26.0,0,0,7.8958,,S,,,Mr
3,0,male,6.0,1,1,15.2458,,C,,,Master
3,0,female,9.0,1,1,15.2458,,C,,,Miss
3,0,male,,0,0,7.225,,C,,,Mr
3,0,female,,0,2,15.2458,,C,,,Mrs
3,0,female,,0,2,7.75,,Q,,,Miss
3,0,male,40.0,1,1,15.5,,Q,,,Mr
3,0,female,32.0,1,1,15.5,,Q,,,Mrs
3,0,male,21.0,0,0,16.1,,S,,,Mr
3,1,female,22.0,0,0,7.725,,Q,13,,Miss
3,0,female,20.0,0,0,7.8542,,S,,,Miss
3,0,male,29.0,1,0,7.0458,,S,,,Mr
3,0,male,22.0,1,0,7.25,,S,,,Mr
3,0,male,22.0,0,0,7.7958,,S,,,Mr
3,0,male,35.0,0,0,8.05,,S,,,Mr
3,0,female,18.5,0,0,7.2833,,Q,,299,Miss
3,1,male,21.0,0,0,7.8208,,Q,13,,Mr
3,0,male,19.0,0,0,6.75,,Q,,,Mr
3,0,female,18.0,0,0,7.8792,,Q,,,Miss
3,0,female,21.0,0,0,8.6625,,S,,,Miss
3,0,female,30.0,0,0,8.6625,,S,,,Miss
3,0,male,18.0,0,0,8.6625,,S,,,Mr
3,0,male,38.0,0,0,8.6625,,S,,,Mr
3,0,male,17.0,0,0,8.6625,,S,,,Mr
3,0,male,17.0,0,0,8.6625,,S,,,Mr
3,0,female,21.0,0,0,7.75,,Q,,,Miss
3,0,male,21.0,0,0,7.75,,Q,,,Mr
3,0,male,21.0,0,0,8.05,,S,,,Mr
3,0,male,,1,0,14.4583,,C,,,Mr
3,0,female,,1,0,14.4583,,C,,,Mrs
3,0,male,28.0,0,0,7.7958,,S,,,Mr
3,0,male,24.0,0,0,7.8542,,S,,,Mr
3,1,female,16.0,0,0,7.75,,Q,16,,Miss
3,0,female,37.0,0,0,7.75,,Q,,,Miss
3,0,male,28.0,0,0,7.25,,S,,,Mr
3,0,male,24.0,0,0,8.05,,S,,,Mr
3,0,male,21.0,0,0,7.7333,,Q,,,Mr
3,1,male,32.0,0,0,56.4958,,S,C,,Mr
3,0,male,29.0,0,0,8.05,,S,,,Mr
3,0,male,26.0,1,0,14.4542,,C,,,Mr
3,0,male,18.0,1,0,14.4542,,C,,,Mr
3,0,male,20.0,0,0,7.05,,S,,,Mr
3,1,male,18.0,0,0,8.05,,S,12,,Mr
3,0,male,24.0,0,0,7.25,,Q,,,Mr
3,0,male,36.0,0,0,7.4958,,S,,,Mr
3,0,male,24.0,0,0,7.4958,,S,,,Mr
3,0,male,31.0,0,0,7.7333,,Q,,,Mr
3,0,male,31.0,0,0,7.75,,Q,,,Mr
3,1,female,22.0,0,0,7.75,,Q,13,,Miss
3,0,female,30.0,0,0,7.6292,,Q,,,Miss
3,0,male,70.5,0,0,7.75,,Q,,171,Mr
3,0,male,43.0,0,0,8.05,,S,,,Mr
3,0,male,35.0,0,0,7.8958,,S,,,Mr
3,0,male,27.0,0,0,7.8958,,S,,,Mr
3,0,male,19.0,0,0,7.8958,,S,,,Mr
3,0,male,30.0,0,0,8.05,,S,,,Mr
3,1,male,9.0,1,1,15.9,,S,2,,Master
3,1,male,3.0,1,1,15.9,,S,2,,Master
3,1,female,36.0,0,2,15.9,,S,2,,Mrs
3,0,male,59.0,0,0,7.25,,S,,,Mr
3,0,male,19.0,0,0,8.1583,,S,,,Mr
3,1,female,17.0,0,1,16.1,,S,12,,Miss
3,0,male,44.0,0,1,16.1,,S,,,Mr
3,0,male,17.0,0,0,8.6625,,S,,,Mr
3,0,male,22.5,0,0,7.225,,C,,9,Mr
3,1,male,45.0,0,0,8.05,,S,15,,Mr
3,0,female,22.0,0,0,10.5167,,S,,,Miss
3,0,male,19.0,0,0,10.1708,,S,,,Mr
3,1,female,30.0,0,0,6.95,,Q,15,,Miss
3,1,male,29.0,0,0,7.75,,Q,13 15 B,,Mr
3,0,male,0.3333,0,2,14.4,,S,,,Master
3,0,male,34.0,1,1,14.4,,S,,197,Mr
3,0,female,28.0,1,1,14.4,,S,,,Mrs
3,0,male,27.0,0,0,7.8958,,S,,,Mr
3,0,male,25.0,0,0,7.8958,,S,,,Mr
3,0,male,24.0,2,0,24.15,,S,,,Mr
3,0,male,22.0,0,0,8.05,,S,,,Mr
3,0,male,21.0,2,0,24.15,,S,,,Mr
3,0,male,17.0,2,0,8.05,,S,,,Mr
3,0,male,,1,0,16.1,,S,,,Mr
3,1,female,,1,0,16.1,,S,16,,Mrs
3,1,male,36.5,1,0,17.4,,S,15,,Mr
3,1,female,36.0,1,0,17.4,,S,13,,Mrs
3,1,male,30.0,0,0,9.5,,S,11,,Mr
3,0,male,16.0,0,0,9.5,,S,,,Mr
3,1,male,1.0,1,2,20.575,,S,10,,Master
3,1,female,0.1667,1,2,20.575,,S,10,,Miss
3,0,male,26.0,1,2,20.575,,S,,,Mr
3,1,female,33.0,1,2,20.575,,S,10,,Mrs
3,0,male,25.0,0,0,7.8958,,S,,,Mr
3,0,male,,0,0,7.8958,,S,,,Mr
3,0,male,,0,0,7.8958,,S,,,Mr
3,0,male,22.0,0,0,7.25,,S,,,Mr
3,0,male,36.0,0,0,7.25,,S,,,Mr
3,1,female,19.0,0,0,7.8792,,Q,C,,Miss
3,0,male,17.0,0,0,7.8958,,S,,,Mr
3,0,male,42.0,0,0,8.6625,,S,,,Mr
3,0,male,43.0,0,0,7.8958,,S,,,Mr
3,0,male,,0,0,7.2292,,C,,,Mr
3,0,male,32.0,0,0,7.75,,Q,,,Mr
3,1,male,19.0,0,0,8.05,,S,B,,Mr
3,1,female,30.0,0,0,12.475,,S,13,,Miss
3,0,female,24.0,0,0,7.75,,Q,,,Miss
3,1,female,23.0,0,0,8.05,,S,,,Miss
3,0,male,33.0,0,0,7.8958,,C,,51,Mr
3,0,male,65.0,0,0,7.75,,Q,,,Mr
3,1,male,24.0,0,0,7.55,,S,D,,Mr
3,0,male,23.0,1,0,13.9,,S,,,Mr
3,1,female,22.0,1,0,13.9,,S,16,,Mrs
3,0,male,18.0,0,0,7.775,,S,,,Mr
3,0,male,16.0,0,0,7.775,,S,,,Mr
3,0,male,45.0,0,0,6.975,,S,,,Mr
3,0,male,,0,0,7.225,,C,,,Mr
3,0,male,39.0,0,2,7.2292,,C,,,Mr
3,0,male,17.0,1,1,7.2292,,C,,,Mr
3,0,male,15.0,1,1,7.2292,,C,,,Mr
3,0,male,47.0,0,0,7.25,,S,,,Mr
3,1,female,5.0,0,0,12.475,,S,13,,Miss
3,0,male,,0,0,7.225,,C,,,Mr
3,0,male,40.5,0,0,15.1,,S,,187,Mr
3,0,male,40.5,0,0,7.75,,Q,,68,Mr
3,1,male,,0,0,7.05,,S,15,,Mr
3,0,male,18.0,0,0,7.7958,,S,,,Mr
3,0,female,,0,0,7.75,,Q,,,Miss
3,0,male,,0,0,7.75,,Q,,,Mr
3,0,male,,0,0,6.95,,Q,,,Mr
3,0,male,26.0,0,0,7.8792,,Q,,,Mr
3,0,male,,0,0,7.75,,Q,,,Mr
3,1,male,,0,0,56.4958,,S,13,,Mr
3,0,female,21.0,2,2,34.375,,S,,,Miss
3,0,female,9.0,2,2,34.375,,S,,,Miss
3,0,male,,0,0,8.05,,S,,,Mr
3,0,male,18.0,2,2,34.375,,S,,,Mr
3,0,male,16.0,1,3,34.375,,S,,,Mr
3,0,female,48.0,1,3,34.375,,S,,,Mrs
3,0,male,,0,0,7.75,,Q,,,Mr
3,0,male,,0,0,7.25,,S,,,Mr
3,0,male,25.0,0,0,7.7417,,Q,,,Mr
3,0,male,,0,0,14.5,,S,,,Mr
3,0,male,,0,0,7.8958,,C,,,Mr
3,0,male,22.0,0,0,8.05,,S,,47,Mr
3,1,female,16.0,0,0,7.7333,,Q,16,,Miss
3,1,female,,0,0,7.75,,Q,13,,Miss
3,1,male,9.0,0,2,20.525,,S,C D,,Master
3,0,male,33.0,1,1,20.525,,S,,,Mr
3,0,male,41.0,0,0,7.85,,S,,,Mr
3,1,female,31.0,1,1,20.525,,S,C D,,Mrs
3,0,male,38.0,0,0,7.05,,S,,,Mr
3,0,male,9.0,5,2,46.9,,S,,,Master
3,0,male,1.0,5,2,46.9,,S,,,Master
3,0,male,11.0,5,2,46.9,,S,,,Master
3,0,female,10.0,5,2,46.9,,S,,,Miss
3,0,female,16.0,5,2,46.9,,S,,,Miss
3,0,male,14.0,5,2,46.9,,S,,,Mr
3,0,male,40.0,1,6,46.9,,S,,,Mr
3,0,female,43.0,1,6,46.9,,S,,,Mrs
3,0,male,51.0,0,0,8.05,,S,,,Mr
3,0,male,32.0,0,0,8.3625,,S,,,Mr
3,0,male,,0,0,8.05,,S,,,Mr
3,0,male,20.0,0,0,9.8458,,S,,,Mr
3,0,male,37.0,2,0,7.925,,S,,98,Mr
3,0,male,28.0,2,0,7.925,,S,,,Mr
3,0,male,19.0,0,0,7.775,,S,,,Mr
3,0,female,24.0,0,0,8.85,,S,,,Miss
3,0,female,17.0,0,0,7.7333,,Q,,,Miss
3,0,male,,1,0,19.9667,,S,,,Mr
3,0,male,,1,0,19.9667,,S,,,Mr
3,0,male,28.0,1,0,15.85,,S,,,Mr
3,1,female,24.0,1,0,15.85,,S,15,,Mrs
3,0,male,20.0,0,0,9.5,,S,,,Mr
3,0,male,23.5,0,0,7.2292,,C,,188,Mr
3,0,male,41.0,2,0,14.1083,,S,,,Mr
3,0,male,26.0,1,0,7.8542,,S,,,Mr
3,0,male,21.0,0,0,7.8542,,S,,69,Mr
3,1,female,45.0,1,0,14.1083,,S,11,,Mrs
3,0,female,,0,0,7.55,,S,,,Miss
3,0,male,25.0,0,0,7.25,,S,B,,Mr
3,0,male,,0,0,6.8583,,Q,,,Mr
3,0,male,11.0,0,0,18.7875,,C,,,Mr
3,1,female,,0,0,7.75,,Q,16,,Miss
3,1,male,27.0,0,0,6.975,,S,15,,Mr
3,1,male,,0,0,56.4958,,S,C,,Mr
3,0,female,18.0,0,0,6.75,,Q,,,Miss
3,1,female,26.0,0,0,7.925,,S,,,Miss
3,0,female,23.0,0,0,7.925,,S,,,Miss
3,1,female,22.0,0,0,8.9625,,S,C,,Miss
3,0,male,28.0,0,0,7.8958,,S,,306,Mr
3,0,female,28.0,0,0,7.775,,S,,,Miss
3,0,female,,0,0,7.75,,Q,,,Miss
3,1,female,2.0,0,1,12.2875,,S,15,,Miss
3,1,female,22.0,1,1,12.2875,,S,15,,Mrs
3,0,male,43.0,0,0,6.45,,S,,,Mr
3,0,male,28.0,0,0,22.525,,S,,,Mr
3,1,female,27.0,0,0,7.925,,S,,,Miss
3,0,male,,0,0,7.75,,Q,,,Mr
3,1,female,,0,0,8.05,,S,C,,Miss
3,0,male,42.0,0,0,7.65,F,S,,120,Mr
3,1,male,,0,0,7.8875,,S,C,,Mr
3,0,male,30.0,0,0,7.2292,,C,,,Mr
3,0,male,,0,0,7.8958,,S,,,Mr
3,0,female,27.0,1,0,7.925,,S,,,Miss
3,0,female,25.0,1,0,7.925,,S,,,Miss
3,0,male,,0,0,7.8958,,S,,,Mr
3,1,male,29.0,0,0,7.8958,,C,15,,Mr
3,1,male,21.0,0,0,7.7958,,S,A,,Mr
3,0,male,,0,0,7.05,,S,,,Mr
3,0,male,20.0,0,0,7.8542,,S,,,Mr
3,0,male,48.0,0,0,7.8542,,S,,,Mr
3,0,male,17.0,1,0,7.0542,,S,,,Mr
3,1,female,,0,0,7.75,,Q,D,,Miss
3,1,male,,0,0,8.1125,,S,13,,Mr
3,0,male,34.0,0,0,6.4958,,S,,143,Mr
3,1,male,26.0,0,0,7.775,,S,15,,Mr
3,0,male,22.0,0,0,7.7958,,S,,156,Mr
3,0,male,33.0,0,0,8.6542,,S,,285,Mr
3,0,male,31.0,0,0,7.775,,S,,,Mr
3,0,male,29.0,0,0,7.8542,,S,,,Mr
3,1,male,4.0,1,1,11.1333,,S,15,,Master
3,1,female,1.0,1,1,11.1333,,S,15,,Miss
3,0,male,49.0,0,0,0.0,,S,,,Mr
3,0,male,33.0,0,0,7.775,,S,,37,Mr
3,0,male,19.0,0,0,0.0,,S,,,Mr
3,1,female,27.0,0,2,11.1333,,S,15,,Mrs
3,0,male,,1,2,23.45,,S,,,Master
3,0,female,,1,2,23.45,,S,,,Miss
3,0,male,,1,2,23.45,,S,,,Mr
3,0,female,,1,2,23.45,,S,,,Mrs
3,0,male,23.0,0,0,7.8958,,S,,,Mr
3,1,male,32.0,0,0,7.8542,,S,15,,Mr
3,0,male,27.0,0,0,7.8542,,S,,,Mr
3,0,female,20.0,1,0,9.825,,S,,,Miss
3,0,female,21.0,1,0,9.825,,S,,,Miss
3,1,male,32.0,0,0,7.925,,S,15,,Mr
3,0,male,17.0,0,0,7.125,,S,,,Mr
3,0,male,21.0,0,0,8.4333,,S,,,Mr
3,0,male,30.0,0,0,7.8958,,S,,,Mr
3,1,male,21.0,0,0,7.7958,,S,13,,Mr
3,0,male,33.0,0,0,7.8542,,S,,,Mr
3,0,male,22.0,0,0,7.5208,,S,,,Mr
3,1,female,4.0,0,1,13.4167,,C,15,,Miss
3,1,male,39.0,0,1,13.4167,,C,15,,Mr
3,0,male,,0,0,7.2292,,C,,,Mr
3,0,male,18.5,0,0,7.2292,,C,,58,Mr
3,0,male,,0,0,7.75,,Q,,,Mr
3,0,male,,0,0,7.25,,S,A,,Mr
3,1,female,,0,0,7.75,,Q,16,,Miss
3,1,female,,0,0,7.75,,Q,D,,Miss
3,0,male,34.5,0,0,7.8292,,Q,,70,Mr
3,0,male,44.0,0,0,8.05,,S,,,Mr
3,1,male,,0,0,7.75,,Q,,,Mr
3,0,male,,1,0,14.4542,,C,,,Mr
3,0,female,,1,0,14.4542,,C,,,Mrs
3,0,male,,1,0,7.75,,Q,,,Mr
3,0,male,,1,0,7.75,,Q,,,Mr
3,0,male,,0,0,7.7375,,Q,,,Mr
3,0,female,22.0,2,0,8.6625,,S,,,Miss
3,0,male,26.0,2,0,8.6625,,S,,,Mr
3,1,female,4.0,0,2,22.025,,S,2,,Miss
3,1,male,29.0,3,1,22.025,,S,2,,Mr
3,1,female,26.0,1,1,22.025,,S,2,,Mrs
3,0,female,1.0,1,1,12.1833,,S,,,Miss
3,0,male,18.0,1,1,7.8542,,S,,,Mr
3,0,female,36.0,0,2,12.1833,,S,,,Mrs
3,0,male,,0,0,7.8958,,C,,,Mr
3,1,male,25.0,0,0,7.2292,F,C,10,,Mr
3,0,male,,0,0,7.225,,C,,,Mr
3,0,female,37.0,0,0,9.5875,,S,,,Miss
3,0,male,,0,0,7.8958,,S,,,Mr
3,1,male,,0,0,56.4958,,S,C,,Mr
3,0,male,,0,0,56.4958,,S,,,Mr
3,1,female,22.0,0,0,7.25,,S,13,,Miss
3,0,male,,0,0,7.75,,Q,,,Mr
3,1,male,26.0,0,0,56.4958,,S,14,,Mr
3,0,male,29.0,0,0,9.4833,,S,,,Mr
3,0,male,29.0,0,0,7.775,,S,,,Mr
3,0,male,22.0,0,0,7.775,,S,,,Mr
3,1,male,22.0,0,0,7.225,,C,6,,Mr
3,0,male,,3,1,25.4667,,S,,,Master
3,0,female,,3,1,25.4667,,S,,,Miss
3,0,female,,3,1,25.4667,,S,,,Miss
3,0,female,,3,1,25.4667,,S,,,Miss
3,0,female,,0,4,25.4667,,S,,,Mrs
3,0,male,32.0,0,0,7.925,,S,,,Mr
3,0,male,34.5,0,0,6.4375,,C,,196,Mr
3,0,female,,1,0,15.5,,Q,,,Miss
3,0,male,,1,0,15.5,,Q,,,Mr
3,0,male,36.0,0,0,0.0,,S,,,Mr
3,0,male,39.0,0,0,24.15,,S,,,Mr
3,0,male,24.0,0,0,9.5,,S,,,Mr
3,0,female,25.0,0,0,7.775,,S,,,Miss
3,0,female,45.0,0,0,7.75,,S,,,Miss
3,0,male,36.0,1,0,15.55,,S,A,,Mr
3,0,female,30.0,1,0,15.55,,S,A,,Mrs
3,1,male,20.0,1,0,7.925,,S,15,,Mr
3,0,male,,0,0,7.8792,,Q,,,Mr
3,0,male,28.0,0,0,56.4958,,S,,,Mr
3,0,male,,0,0,7.55,,S,,,Mr
3,0,male,30.0,1,0,16.1,,S,,,Mr
3,0,female,26.0,1,0,16.1,,S,,,Mrs
3,0,male,,0,0,7.8792,,S,,153,Mr
3,0,male,20.5,0,0,7.25,,S,,,Mr
3,1,male,27.0,0,0,8.6625,,S,15,,Mr
3,0,male,51.0,0,0,7.0542,,S,,,Mr
3,1,female,23.0,0,0,7.8542,,S,10,,Miss
3,1,male,32.0,0,0,7.5792,,S,15,,Mr
3,0,male,,0,0,7.8958,,S,,,Mr
3,0,male,,0,0,7.55,,S,,,Mr
3,1,female,,0,0,7.75,,Q,15,,Miss
3,1,male,24.0,0,0,7.1417,,S,13,,Mr
3,0,male,22.0,0,0,7.125,,S,,,Mr
3,0,female,,0,0,7.8792,,Q,,,Miss
3,0,male,,0,0,7.75,,Q,,,Mr
3,0,male,,0,0,8.05,,S,,,Mr
3,0,male,29.0,0,0,7.925,,S,,,Mr
3,1,male,,0,0,7.2292,,C,15,,Mr
3,0,female,30.5,0,0,7.75,,Q,,61,Miss
3,1,female,,0,0,7.7375,,Q,16,,Miss
3,0,male,,0,0,7.2292,F,C,,,Mr
3,0,male,35.0,0,0,7.8958,,C,,,Mr
3,0,male,33.0,0,0,7.8958,,S,,,Mr
3,1,female,,0,0,7.225,,C,C,,Mrs
3,0,male,,0,0,7.8958,,C,,,Mr
3,1,female,,0,0,7.75,,Q,15 16,,Miss
3,1,male,,0,0,7.75,,Q,,,Mr
3,1,female,,2,0,23.25,,Q,16,,Miss
3,1,female,,2,0,23.25,,Q,16,,Miss
3,1,male,,2,0,23.25,,Q,16,,Mr
3,1,female,,0,0,7.7875,,Q,13,,Miss
3,0,male,,0,0,15.5,,Q,,,Mr
3,1,female,,0,0,7.8792,,Q,13,,Miss
3,1,female,15.0,0,0,8.0292,,Q,,,Miss
3,0,female,35.0,0,0,7.75,,Q,,,Miss
3,0,male,,0,0,7.75,,Q,,,Mr
3,0,male,24.0,1,0,16.1,,S,,,Mr
3,0,female,19.0,1,0,16.1,,S,,53,Mrs
3,0,female,,0,0,7.75,,Q,,,Miss
3,0,female,,0,0,8.05,,S,,,Miss
3,0,female,,0,0,8.05,,S,,,Mrs
3,0,male,55.5,0,0,8.05,,S,,201,Mr
3,0,male,,0,0,7.75,,Q,,,Mr
3,1,male,21.0,0,0,7.775,,S,15,,Mr
3,0,male,,0,0,8.05,,S,,,Mr
3,0,male,24.0,0,0,7.8958,,S,,,Mr
3,0,male,21.0,0,0,7.8958,,S,,,Mr
3,0,male,28.0,0,0,7.8958,,S,,,Mr
3,0,male,,0,0,7.8958,,S,,,Mr
3,1,female,,0,0,7.8792,,Q,16,,Miss
3,0,male,25.0,0,0,7.65,F,S,,309,Mr
3,1,male,6.0,0,1,12.475,E121,S,14,,Master
3,1,female,27.0,0,1,12.475,E121,S,14,,Mrs
3,0,male,,0,0,8.05,,S,,,Mr
3,1,female,,1,0,24.15,,Q,16,,Miss
3,0,male,,1,0,24.15,,Q,,,Mr
3,0,male,,0,0,8.4583,,Q,,,Mr
3,0,male,34.0,0,0,8.05,,S,,,Mr
3,0,male,,0,0,7.75,,Q,,,Mr
3,1,male,,0,0,7.775,,S,B,,Mr
3,1,male,,1,1,15.2458,,C,C,,Master
3,1,male,,1,1,15.2458,,C,C,,Master
3,1,female,,0,2,15.2458,,C,C,,Mrs
3,1,female,,0,0,7.2292,,C,,,Mrs
3,0,male,,0,0,8.05,,S,,,Mr
3,1,female,,0,0,7.7333,,Q,16,,Miss
3,1,female,24.0,0,0,7.75,,Q,15,,Miss
3,0,male,,0,0,8.05,,S,,,Mr
3,1,female,,1,0,15.5,,Q,16,,Miss
3,1,female,,1,0,15.5,,Q,16,,Miss
3,1,female,,0,0,15.5,,Q,16,,Miss
3,0,male,18.0,0,0,7.75,,S,,,Mr
3,0,male,22.0,0,0,7.8958,,S,,,Mr
3,1,female,15.0,0,0,7.225,,C,C,,Miss
3,1,female,1.0,0,2,15.7417,,C,C,,Miss
3,1,male,20.0,1,1,15.7417,,C,C,,Mr
3,1,female,19.0,1,1,15.7417,,C,C,,Mrs
3,0,male,33.0,0,0,8.05,,S,,,Mr
3,0,male,,0,0,7.8958,,S,,,Mr
3,0,male,,0,0,7.2292,,C,,,Mr
3,0,female,,0,0,7.75,,Q,,,Miss
3,0,male,,0,0,7.8958,,S,,,Mr
3,1,male,12.0,1,0,11.2417,,C,C,,Master
3,1,female,14.0,1,0,11.2417,,C,C,,Miss
3,0,female,29.0,0,0,7.925,,S,,,Miss
3,0,male,28.0,0,0,8.05,,S,,,Mr
3,1,female,18.0,0,0,7.775,,S,D,,Miss
3,1,female,26.0,0,0,7.8542,,S,13,,Miss
3,0,male,21.0,0,0,7.8542,,S,,,Mr
3,0,male,41.0,0,0,7.125,,S,,,Mr
3,1,male,39.0,0,0,7.925,,S,9,,Mr
3,0,male,21.0,0,0,7.8,,S,,,Mr
3,0,male,28.5,0,0,7.2292,,C,,181,Mr
3,1,female,22.0,0,0,7.75,,S,13,,Miss
3,0,male,61.0,0,0,6.2375,,S,,,Mr
3,0,male,,1,0,15.5,,Q,,,Mr
3,0,male,,0,0,7.8292,,Q,,,Mr
3,1,female,,1,0,15.5,,Q,,,Mrs
3,0,male,,0,0,7.7333,,Q,,,Mr
3,0,male,,0,0,7.75,,Q,,,Mr
3,0,male,,0,0,7.75,,Q,,,Mr
3,0,male,23.0,0,0,9.225,,S,,,Mr
3,0,female,,0,0,7.75,,Q,,,Ms
3,1,female,,0,0,7.75,,Q,D,,Miss
3,1,female,,0,0,7.8792,,Q,,,Miss
3,1,female,22.0,0,0,7.775,,S,C,,Miss
3,1,male,,0,0,7.75,,Q,B,,Mr
3,1,female,,0,0,7.8292,,Q,13,,Miss
3,1,male,9.0,0,1,3.1708,,S,13,,Master
3,0,male,28.0,0,0,22.525,,S,,173,Mr
3,0,male,42.0,0,1,8.4042,,S,,,Mr
3,0,male,,0,0,7.3125,,S,,,Mr
3,0,female,31.0,0,0,7.8542,,S,,,Miss
3,0,male,28.0,0,0,7.8542,,S,,,Mr
3,1,male,32.0,0,0,7.775,,S,A,,Mr
3,0,male,20.0,0,0,9.225,,S,,89,Mr
3,0,female,23.0,0,0,8.6625,,S,,,Miss
3,0,female,20.0,0,0,8.6625,,S,,,Miss
3,0,male,20.0,0,0,8.6625,,S,,,Mr
3,0,male,16.0,0,0,9.2167,,S,,,Mr
3,1,female,31.0,0,0,8.6833,,S,,,Mrs
3,0,female,,0,0,7.6292,,Q,,,Miss
3,0,male,2.0,3,1,21.075,,S,,4,Master
3,0,male,6.0,3,1,21.075,,S,,,Master
3,0,female,3.0,3,1,21.075,,S,,,Miss
3,0,female,8.0,3,1,21.075,,S,,,Miss
3,0,female,29.0,0,4,21.075,,S,,206,Mrs
3,0,male,1.0,4,1,39.6875,,S,,,Master
3,0,male,7.0,4,1,39.6875,,S,,,Master
3,0,male,2.0,4,1,39.6875,,S,,,Master
3,0,male,16.0,4,1,39.6875,,S,,,Mr
3,0,male,14.0,4,1,39.6875,,S,,,Mr
3,0,female,41.0,0,5,39.6875,,S,,,Mrs
3,0,male,21.0,0,0,8.6625,,S,,,Mr
3,0,male,19.0,0,0,14.5,,S,,,Mr
3,0,male,,0,0,8.7125,,C,,,Mr
3,0,male,32.0,0,0,7.8958,,S,,,Mr
3,0,male,0.75,1,1,13.775,,S,,,Master
3,0,female,3.0,1,1,13.775,,S,,,Miss
3,0,female,26.0,0,2,13.775,,S,,,Mrs
3,0,male,,0,0,7.0,,S,,,Mr
3,0,male,,0,0,7.775,,S,,,Mr
3,0,male,,0,0,8.05,,S,,,Mr
3,0,male,21.0,0,0,7.925,,S,,,Mr
3,0,male,25.0,0,0,7.925,,S,,,Mr
3,0,male,22.0,0,0,7.25,,S,,,Mr
3,1,male,25.0,1,0,7.775,,S,15,,Mr
3,1,male,,1,1,22.3583,,C,C,,Master
3,1,female,,1,1,22.3583,F,C,D,,Miss
3,1,female,,0,2,22.3583,,C,D,,Mrs
3,0,female,,0,0,8.1375,,Q,,,Miss
3,0,male,24.0,0,0,8.05,,S,,,Mr
3,0,female,28.0,0,0,7.8958,,S,,,Miss
3,0,male,19.0,0,0,7.8958,,S,,,Mr
3,0,male,,0,0,7.8958,,S,,,Mr
3,0,male,25.0,1,0,7.775,,S,,,Mr
3,0,female,18.0,0,0,7.775,,S,,,Miss
3,1,male,32.0,0,0,8.05,E10,S,9,,Mr
3,0,male,,0,0,7.8958,,S,,,Mr
3,0,male,17.0,0,0,8.6625,,S,,,Mr
3,0,male,24.0,0,0,8.6625,,S,,,Mr
3,0,male,,0,0,7.8958,,S,,,Mr
3,0,female,,0,0,8.1125,,S,,,Mrs
3,0,male,,0,0,7.2292,,C,,,Mr
3,0,male,,0,0,7.25,,S,,,Mr
3,0,male,38.0,0,0,7.8958,,S,,,Mr
3,0,male,21.0,0,0,8.05,,S,,,Mr
3,0,male,10.0,4,1,29.125,,Q,,,Master
3,0,male,4.0,4,1,29.125,,Q,,,Master
3,0,male,7.0,4,1,29.125,,Q,,,Master
3,0,male,2.0,4,1,29.125,,Q,,,Master
3,0,male,8.0,4,1,29.125,,Q,,,Master
3,0,female,39.0,0,5,29.125,,Q,,327,Mrs
3,0,female,22.0,0,0,39.6875,,S,,,Miss
3,0,male,35.0,0,0,7.125,,S,,,Mr
3,1,female,,0,0,7.7208,,Q,13,,Miss
3,0,male,,0,0,14.5,,S,,,Mr
3,0,female,,0,0,14.5,,S,,,Mrs
3,0,male,50.0,1,0,14.5,,S,,119,Mr
3,0,female,47.0,1,0,14.5,,S,,7,Mrs
3,0,male,,0,0,8.05,,S,,,Mr
3,0,male,,0,0,7.775,,S,,,Mr
3,0,female,2.0,1,1,20.2125,,S,,,Miss
3,0,male,18.0,1,1,20.2125,,S,,,Mr
3,0,female,41.0,0,2,20.2125,,S,,,Mrs
3,1,female,,0,0,8.05,,S,C,,Miss
3,0,male,50.0,0,0,8.05,,S,,,Mr
3,0,male,16.0,0,0,8.05,,S,,,Mr
3,1,male,,0,0,7.75,,Q,14,,Mr
3,0,male,,0,0,24.15,,Q,,,Mr
3,0,male,,0,0,7.2292,,C,,,Mr
3,0,male,25.0,0,0,7.225,,C,,,Mr
3,0,male,,0,0,7.225,,C,,,Mr
3,0,male,,0,0,7.7292,,Q,,,Mr
3,0,male,,0,0,7.575,,S,,,Mr
3,0,male,38.5,0,0,7.25,,S,,32,Mr
3,0,male,,8,2,69.55,,S,,,Master
3,0,male,14.5,8,2,69.55,,S,,67,Master
3,0,female,,8,2,69.55,,S,,,Miss
3,0,female,,8,2,69.55,,S,,,Miss
3,0,female,,8,2,69.55,,S,,,Miss
3,0,female,,8,2,69.55,,S,,,Miss
3,0,male,,8,2,69.55,,S,,,Mr
3,0,male,,8,2,69.55,,S,,,Mr
3,0,male,,8,2,69.55,,S,,,Mr
3,0,male,,1,9,69.55,,S,,,Mr
3,0,female,,1,9,69.55,,S,,,Mrs
3,0,male,24.0,0,0,9.325,,S,,,Mr
3,1,female,21.0,0,0,7.65,,S,C,,Miss
3,0,male,39.0,0,0,7.925,,S,,,Mr
3,0,male,,2,0,21.6792,,C,,,Mr
3,0,male,,2,0,21.6792,,C,,,Mr
3,0,male,,2,0,21.6792,,C,,,Mr
3,1,female,1.0,1,1,16.7,G6,S,13,,Miss
3,1,female,24.0,0,2,16.7,G6,S,13,,Mrs
3,1,female,4.0,1,1,16.7,G6,S,13,,Miss
3,1,male,25.0,0,0,9.5,,S,11,,Mr
3,0,male,20.0,0,0,8.05,,S,,,Mr
3,0,male,24.5,0,0,8.05,,S,,284,Mr
3,0,male,,0,0,7.725,,Q,,,Mr
3,0,male,,0,0,7.8958,,S,,,Mr
3,0,male,,0,0,7.75,,Q,,,Mr
3,1,male,29.0,0,0,9.5,,S,11,,Mr
3,0,male,,0,0,15.1,,S,,,Mr
3,1,female,,0,0,7.7792,,Q,,,Miss
3,0,male,,0,0,8.05,,S,,,Mr
3,0,male,,0,0,8.05,,S,,,Mr
3,0,male,22.0,0,0,7.2292,,C,,,Mr
3,0,male,,0,0,8.05,,S,,,Mr
3,0,male,40.0,0,0,7.8958,,S,,,Mr
3,0,male,21.0,0,0,7.925,,S,,,Mr
3,1,female,18.0,0,0,7.4958,,S,16,,Miss
3,0,male,4.0,3,2,27.9,,S,,,Master
3,0,male,10.0,3,2,27.9,,S,,,Master
3,0,female,9.0,3,2,27.9,,S,,,Miss
3,0,female,2.0,3,2,27.9,,S,,,Miss
3,0,male,40.0,1,4,27.9,,S,,,Mr
3,0,female,45.0,1,4,27.9,,S,,,Mrs
3,0,male,,0,0,7.8958,,S,,,Mr
3,0,male,,0,0,8.05,,S,,,Mr
3,0,male,,0,0,8.6625,,S,,,Mr
3,0,male,,0,0,7.75,,Q,,,Mr
3,1,female,,0,0,7.7333,,Q,13,,Miss
3,0,male,19.0,0,0,7.65,F,S,,,Mr
3,0,male,30.0,0,0,8.05,,S,,,Mr
3,0,male,,0,0,8.05,,S,,,Mr
3,0,male,32.0,0,0,8.05,,S,,,Mr
3,0,male,,0,0,7.8958,,S,,,Mr
3,0,male,33.0,0,0,8.6625,,C,,,Mr
3,1,female,23.0,0,0,7.55,,S,C,,Miss
3,0,male,21.0,0,0,8.05,,S,,,Mr
3,0,male,60.5,0,0,,,S,,261,Mr
3,0,male,19.0,0,0,7.8958,,S,,,Mr
3,0,female,22.0,0,0,9.8375,,S,,,Miss
3,1,male,31.0,0,0,7.925,,S,9,,Mr
3,0,male,27.0,0,0,8.6625,,S,,,Mr
3,0,female,2.0,0,1,10.4625,G6,S,,,Miss
3,0,female,29.0,1,1,10.4625,G6,S,,,Mrs
3,1,male,16.0,0,0,8.05,,S,B,,Mr
3,1,male,44.0,0,0,7.925,,S,15,,Mr
3,0,male,25.0,0,0,7.05,,S,,,Mr
3,0,male,74.0,0,0,7.775,,S,,,Mr
3,1,male,14.0,0,0,9.225,,S,13,,Mr
3,0,male,24.0,0,0,7.7958,,S,,,Mr
3,1,male,25.0,0,0,7.7958,,S,13 15,,Mr
3,0,male,34.0,0,0,8.05,,S,,176,Mr
3,1,male,0.4167,0,1,8.5167,,C,16,,Master
3,0,male,,1,0,6.4375,,C,,,Mr
3,0,male,,0,0,6.4375,,C,,,Mr
3,0,male,,0,0,7.225,,C,,,Mr
3,1,female,16.0,1,1,8.5167,,C,14,,Mrs
3,0,male,,0,0,8.05,,S,,,Mr
3,0,male,,1,0,16.1,,S,,,Mr
3,1,female,,1,0,16.1,,S,10,,Mrs
3,0,male,32.0,0,0,7.925,,S,,,Mr
3,0,male,,0,0,7.75,F38,Q,,,Mr
3,0,male,,0,0,7.8958,,S,,,Mr
3,0,male,30.5,0,0,8.05,,S,,50,Mr
3,0,male,44.0,0,0,8.05,,S,,,Mr
3,0,male,,0,0,7.2292,,C,,,Mr
3,1,male,25.0,0,0,0.0,,S,15,,Mr
3,0,male,,0,0,7.2292,,C,,,Mr
3,1,male,7.0,1,1,15.2458,,C,C,,Master
3,1,female,9.0,1,1,15.2458,,C,C,,Miss
3,1,female,29.0,0,2,15.2458,,C,C,,Mrs
3,0,male,36.0,0,0,7.8958,,S,,,Mr
3,1,female,18.0,0,0,9.8417,,S,15,,Miss
3,1,female,63.0,0,0,9.5875,,S,15,,Mrs
3,0,male,,1,1,14.5,,S,,,Master
3,0,male,11.5,1,1,14.5,,S,,1,Master
3,0,male,40.5,0,2,14.5,,S,,255,Mr
3,0,female,10.0,0,2,24.15,,S,,,Miss
3,0,male,36.0,1,1,24.15,,S,,,Mr
3,0,female,30.0,1,1,24.15,,S,,,Mrs
3,0,male,,0,0,9.5,,S,,,Mr
3,0,male,33.0,0,0,9.5,,S,,,Mr
3,0,male,28.0,0,0,9.5,,S,,,Mr
3,0,male,28.0,0,0,9.5,,S,,,Mr
3,0,male,47.0,0,0,9.0,,S,,,Mr
3,0,female,18.0,2,0,18.0,,S,,,Miss
3,0,male,31.0,3,0,18.0,,S,,,Mr
3,0,male,16.0,2,0,18.0,,S,,,Mr
3,0,female,31.0,1,0,18.0,,S,,,Mrs
3,1,male,22.0,0,0,7.225,,C,13 15,,Mr
3,0,male,20.0,0,0,7.8542,,S,,,Mr
3,0,female,14.0,0,0,7.8542,,S,,,Miss
3,0,male,22.0,0,0,7.8958,,S,,,Mr
3,0,male,22.0,0,0,9.0,,S,,,Mr
3,0,male,,0,0,8.05,,S,,,Mr
3,0,male,,0,0,7.55,,S,,,Mr
3,0,male,,0,0,8.05,,S,,,Mr
3,0,male,32.5,0,0,9.5,,S,,298,Mr
3,1,female,38.0,0,0,7.2292,,C,C,,Mrs
3,0,male,51.0,0,0,7.75,,S,,,Mr
3,0,male,18.0,1,0,6.4958,,S,,314,Mr
3,0,male,21.0,1,0,6.4958,,S,,,Mr
3,1,female,47.0,1,0,7.0,,S,,,Mrs
3,0,male,,0,0,8.7125,,S,,,Mr
3,0,male,,0,0,7.55,,S,,,Mr
3,0,male,,0,0,8.05,,S,,,Mr
3,0,male,28.5,0,0,16.1,,S,,14,Mr
3,0,male,21.0,0,0,7.25,,S,,,Mr
3,0,male,27.0,0,0,8.6625,,S,,131,Mr
3,0,male,,0,0,7.25,,S,,,Mr
3,0,male,36.0,0,0,9.5,,S,,,Mr
3,0,male,27.0,1,0,14.4542,,C,C,,Mr
3,1,female,15.0,1,0,14.4542,,C,,,Mrs
3,0,male,45.5,0,0,7.225,,C,,312,Mr
3,0,male,,0,0,7.225,,C,,,Mr
3,0,male,,0,0,14.4583,,C,,,Mr
3,0,female,14.5,1,0,14.4542,,C,,328,Miss
3,0,female,,1,0,14.4542,,C,,,Miss
3,0,male,26.5,0,0,7.225,,C,,304,Mr
3,0,male,27.0,0,0,7.225,,C,,,Mr
3,0,male,29.0,0,0,7.875,,S,,,Mr
